R2(log),RMSE(log),MAE(log),R2($),RMSE($),MAE($)
0.9232822533647022,0.11372243007532411,0.08328524694808064,0.9272369973732613,20048.01706627184,14636.364683717171
